test_case_id,full_name,phone_number,email_address,username,password,confirm_password,marital_status,gender,has_disability,aadhaar_number,state,highest_qualification,institution_name,currently_working
TC001,Mohammed Kumar,+91 9379402654,mohammed.kumar@yahoo.com,mohammed.kumar,n*l2edlBD#dz*,n*l2edlBD#dz*,Married,female,No,116155940781,Nagaland,Primary School,"National Institute of Technology, Calicut",No
TC002,Mohammed Pillai,+91 8192832764,mohammed_pillai@techxers.com,mohammed_pillai,DLkDmWJ6UuVTA,DLkDmWJ6UuVTA,prefer_not_to_say,female,No,30564139537,Odisha,Master's Degree,University of Kerala,No
TC003,Manoj Gupta,+91 6669784801,manojgupta@outlook.com,manojgupta7029,ZUCr$@lgotu2,ZUCr$@lgotu2,prefer_not_to_say,other,No,146270482814,Tripura,other,IIT Madras,Yes
TC004,Sneha Warrier,+91 9182278248,sneha.warrier@hotmail.com,snehawarrier9823,!coUNEhEkk,!coUNEhEkk,prefer_not_to_say,prefer_not_to_say,Yes,834657871331,Manipur,No Formal Education,Kendriya Vidyalaya,Yes
TC005,Vidya Gupta,+91 7997376311,vidya.gupta647@gmail.com,vidya.gupta647,Qj$EJ!B*,Qj$EJ!B*,Widowed,other,No,670106513338,Rajasthan,Secondary School (10th),Christ University,Yes
TC006,Sunil Rao,+91 9064746872,sunil.rao@gmail.com,sunil.rao,mg*blEv0!9BZhv,mg*blEv0!9BZhv,Married,other,Yes,98050097882,Assam,PhD / Doctorate,Govt. Model School,Yes
TC007,Sanjay Pillai,+91 7475107991,sanjay.pillai@yahoo.com,sanjay.pillai,Ffk1%OHAOEHY,Ffk1%OHAOEHY,Single,female,No,251354278498,Andaman and Nicobar Islands,PhD / Doctorate,Anna University,Yes
TC008,Manoj Verma,+91 8005242786,manoj.verma@techxers.com,manojverma4472,ARAH#!Ggl2,ARAH#!Ggl2,prefer_not_to_say,male,Yes,128059826204,Mizoram,No Formal Education,Amrita Vishwa Vidyapeetham,No
TC009,Ajay Raj,+91 6607337543,ajay.raj@outlook.com,ajayraj6668,tEuw0dwQ0FIu,tEuw0dwQ0FIu,Married,male,Yes,654145868501,Kerala,Secondary School (10th),Kendriya Vidyalaya,No
TC010,Vikram Kumar,+91 6595148465,vikramkumar747@outlook.com,vikramkumar747,oXyGf3a%&zU3,oXyGf3a%&zU3,Widowed,other,Yes,366299468044,Jammu and Kashmir,Bachelor's Degree,Cochin University of Science and Technology,No
TC011,Nisha Rao,+91 9917693676,nisha_rao@hotmail.com,nisha_rao,vkK$QlENCzsdfF,vkK$QlENCzsdfF,Married,female,Yes,163287083172,Sikkim,PhD / Doctorate,"National Institute of Technology, Calicut",No
TC012,Athira Sen,+91 7455812236,athira_sen@techxers.com,athirasen7001,5u85HFJ%!EJ4jK,5u85HFJ%!EJ4jK,Married,female,Yes,665876036690,Nagaland,Master's Degree,St. Xavier's College,No
TC013,Ramesh Warrier,+91 6699016272,ramesh_warrier@rediffmail.com,rameshwarrier8957,C!CI3!dXRZv7q&,C!CI3!dXRZv7q&,Single,other,No,537556464170,Uttarakhand,No Formal Education,Delhi Public School,Yes
TC014,Fathima Pillai,+91 8299124190,fathimapillai32@yahoo.com,fathimapillai32,tEq8oB7G,tEq8oB7G,Divorced,prefer_not_to_say,No,319314919058,Punjab,ITI,Govt. Model School,No
TC015,Anandhu Bose,+91 8531473799,anandhu_bose@gmail.com,anandhu_bose,6t3w%I&973,6t3w%I&973,Widowed,other,Yes,752735454948,Andaman and Nicobar Islands,PhD / Doctorate,IIT Madras,Yes
TC016,Rajesh Nambiar,+91 9855744431,rajesh_nambiar777@yahoo.com,rajeshnambiar8051,clLCZFNV8^S,clLCZFNV8^S,Married,other,Yes,823374989413,Lakshadweep,Higher Secondary (12th),Delhi Public School,Yes
TC017,Ramesh Nair,+91 9520471167,rameshnair@outlook.com,rameshnair,Lq!nbK89,Lq!nbK89,Single,male,Yes,294131869993,Uttar Pradesh,Bachelor's Degree,Loyola College,No
TC018,Ramesh Bose,+91 9974034471,rameshbose@outlook.com,rameshbose996,mABHkuEwjua0,mABHkuEwjua0,Married,other,Yes,618324210249,Lakshadweep,Master's Degree,Govt. Model School,No
TC019,Rizwan Iyer,+91 8902787429,rizwaniyer279@hotmail.com,rizwaniyer7182,f3PGdlDc,f3PGdlDc,Widowed,prefer_not_to_say,Yes,756551256746,West Bengal,No Formal Education,Loyola College,Yes
TC020,Priya Verma,+91 8771093248,priya_verma792@rediffmail.com,priyaverma28,*70gy%U@4gAIq,*70gy%U@4gAIq,Single,prefer_not_to_say,Yes,317127484677,Karnataka,Master's Degree,"National Institute of Technology, Calicut",Yes
TC021,Pooja Sharma,+91 9753396360,poojasharma@yahoo.com,poojasharma4536,1R#IaKM!t5&9SQ,1R#IaKM!t5&9SQ,Divorced,prefer_not_to_say,No,627028951718,Sikkim,No Formal Education,Mar Athanasius College of Engineering,Yes
TC022,Lakshmi Bose,+91 6343161172,lakshmibose@gmail.com,lakshmibose,RYkQ&WO!*e,RYkQ&WO!*e,Divorced,male,Yes,504556238692,Gujarat,Secondary School (10th),Govt. Model School,No
TC023,Neha Raj,+91 8743671369,neha.raj598@yahoo.com,neha.raj598,G6Gb7K*uj4SM2,G6Gb7K*uj4SM2,Divorced,other,No,64090974395,Jharkhand,Higher Secondary (12th),Kendriya Vidyalaya,No
TC024,Sajith Warrier,+91 8884247451,sajithwarrier@techxers.com,sajithwarrier1601,fN4eUqlLP1wzq,fN4eUqlLP1wzq,Widowed,male,Yes,368516048175,Kerala,other,Christ University,No
TC025,Vishnu Raj,+91 6382675869,vishnu.raj635@hotmail.com,vishnu.raj635,Ci7M0orfeM@o,Ci7M0orfeM@o,Married,prefer_not_to_say,Yes,796405377351,Mizoram,PhD / Doctorate,Amrita Vishwa Vidyapeetham,No
TC026,Rahul Das,+91 7529042284,rahul_das126@rediffmail.com,rahul_das126,cgQFqAiAB,cgQFqAiAB,Married,male,Yes,205395024026,Uttar Pradesh,Primary School,Mar Athanasius College of Engineering,Yes
TC027,Sandhya Rao,+91 6771159212,sandhya_rao@gmail.com,sandhya_rao,f%M6dh9Z2,f%M6dh9Z2,Divorced,other,No,984789611836,Rajasthan,Higher Secondary (12th),Christ University,No
TC028,Nisha Das,+91 8165604945,nisha_das@outlook.com,nisha_das,GVt8ilkl3mVqh,GVt8ilkl3mVqh,Single,female,Yes,731585149368,West Bengal,No Formal Education,Kendriya Vidyalaya,No
TC029,Arjun Reddy,+91 7667525459,arjun_reddy@outlook.com,arjunreddy5761,xsZisdl^,xsZisdl^,prefer_not_to_say,male,Yes,229014767976,Ladakh,Higher Secondary (12th),Cochin University of Science and Technology,Yes
TC030,Divya Joshi,+91 6076226838,divya.joshi695@hotmail.com,divya.joshi695,NfCYhaAMBrGLP,NfCYhaAMBrGLP,prefer_not_to_say,other,Yes,606071596966,Lakshadweep,Primary School,Christ University,Yes
TC031,Priya Reddy,+91 6883552312,priyareddy707@outlook.com,priyareddy707,nF3Z^kYNRCQvj$,nF3Z^kYNRCQvj$,Divorced,female,Yes,921277997995,Maharashtra,Secondary School (10th),Loyola College,Yes
TC032,Sandhya Rao,+91 9980793597,sandhyarao282@hotmail.com,sandhyarao282,jN75ehVKjl#X,jN75ehVKjl#X,prefer_not_to_say,female,Yes,715182037788,Gujarat,ITI,Delhi Public School,No
TC033,Pooja Joshi,+91 7546291486,pooja_joshi@gmail.com,poojajoshi5492,QmXKGtQk,QmXKGtQk,Divorced,female,Yes,685054235733,Delhi,Secondary School (10th),Govt. Model School,No
TC034,Vishnu Shah,+91 7794738347,vishnushah@hotmail.com,vishnushah,qWtuxv4f0U,qWtuxv4f0U,Married,other,No,746886239240,Tamil Nadu,ITI,"National Institute of Technology, Calicut",Yes
TC035,Sameer Bose,+91 6606853615,sameerbose@outlook.com,sameerbose,I5$s3lC5S,I5$s3lC5S,Married,male,No,152204727790,Chandigarh,No Formal Education,Anna University,Yes
TC036,Ravi Thomas,+91 6893246095,ravithomas@rediffmail.com,ravithomas,EMpgE16io@,EMpgE16io@,Married,prefer_not_to_say,Yes,,,,Delhi Public School,
TC037,Nithin Raj,+91 6704303054,nithinraj596@techxers.com,nithinraj2195,T*Rw79xr,T*Rw79xr,prefer_not_to_say,prefer_not_to_say,No,403450541566,,,,
TC038,Nithin Joshi,+91 8705964016,nithin.joshi843@yahoo.com,nithinjoshi5272,kPLN52v4,kPLN52v4,Divorced,female,Yes,,Goa,Master's Degree,,No
TC039,Sneha Das,+91 7172715518,sneha_das@yahoo.com,snehadas434,x@%XpHH5BK!zp,x@%XpHH5BK!zp,prefer_not_to_say,other,No,,,,Delhi Public School,
TC040,Ramesh Das,+91 9801824225,rameshdas@hotmail.com,rameshdas,jqOj57%Sqxq,jqOj57%Sqxq,Married,other,No,,Goa,,,
TC041,Fathima Warrier,+91 9677359255,fathimawarrier216@hotmail.com,fathimawarrier216,d@*LM9FZM6jhu,d@*LM9FZM6jhu,Divorced,prefer_not_to_say,Yes,,Chhattisgarh,No Formal Education,,
TC042,Asha Nambiar,+91 6479748016,asha_nambiar164@rediffmail.com,ashanambiar7658,N@clY#6EBTg,N@clY#6EBTg,Married,other,No,,Nagaland,PhD / Doctorate,,
TC043,Sneha Kutty,+91 7595269495,sneha_kutty@outlook.com,snehakutty3271,$Z#fferQ8%6t,$Z#fferQ8%6t,prefer_not_to_say,prefer_not_to_say,No,,,,,No
TC044,Asha Prasad,+91 9527858549,asha.prasad452@outlook.com,asha.prasad452,A0#8hr%AP9^,A0#8hr%AP9^,Widowed,female,Yes,,,,,No
TC045,Kiran Prasad,+91 7301657120,kiran.prasad453@techxers.com,kiran.prasad453,Bz&IIrnEFg^,Bz&IIrnEFg^,prefer_not_to_say,female,No,,Haryana,Bachelor's Degree,,Yes
TC046,Kiran Sen,+91 6527420549,kiran.sen582@hotmail.com,kiran.sen582,K6*^@r#7Iy,K6*^@r#7Iy,Married,female,No,685161227530,,,IIT Madras,
TC047,Fathima Krishnan,+91 9279568783,fathimakrishnan684@gmail.com,fathimakrishnan684,Z#NpLVCCr,Z#NpLVCCr,Married,male,No,,,,,No
TC048,Geetha Rao,+91 6651801704,geetha.rao526@rediffmail.com,geetha.rao526,7NcYGaBj,7NcYGaBj,Widowed,female,Yes,,,Bachelor's Degree,,Yes
TC049,Sajith Nambiar,+91 6907903067,sajithnambiar389@yahoo.com,sajithnambiar389,tJyoe1cEAi,tJyoe1cEAi,Married,female,Yes,,Uttar Pradesh,,Christ University,No
TC050,Sajith Joshi,+91 9086688263,sajithjoshi996@outlook.com,sajithjoshi6254,^O10tMWx&8ECMs,^O10tMWx&8ECMs,Divorced,female,No,175183046990,,,,
TC051,Ajay Roy,+91 8458771753,ajay.roy@gmail.com,ajayroy7856,AYEPKW7&T,AYEPKW7&T,Divorced,other,No,93204899642,,ITI,,
TC052,Athira Chandran,+91 6100623120,athira_chandran@techxers.com,athirachandran7560,Tvr*!x*h^,Tvr*!x*h^,Married,prefer_not_to_say,No,,Uttar Pradesh,,,
TC053,Aishwarya Singh,+91 9002176591,aishwarya.singh540@outlook.com,aishwaryasingh4389,YkVZ6FCMkelZWW,YkVZ6FCMkelZWW,prefer_not_to_say,male,Yes,,Andhra Pradesh,Higher Secondary (12th),,Yes
TC054,Rajesh Varghese,+91 9735866296,rajesh_varghese@hotmail.com,rajesh_varghese,rk#Sgm3DjRYPdI,rk#Sgm3DjRYPdI,Single,other,Yes,,,Master's Degree,Delhi Public School,
TC055,Kavya Thomas,+91 7622444721,kavyathomas@gmail.com,kavyathomas,lPXbL0XkF%,lPXbL0XkF%,Married,prefer_not_to_say,No,647154379937,Chhattisgarh,,,
TC056,Kavya Mohan,+91 8646519398,kavya_mohan@techxers.com,kavyamohan2240,Pz9OwYOL!F,Pz9OwYOL!F,Married,male,No,374167243426,Nagaland,Primary School,,
TC057,Vikram Kutty,+91 6143888993,vikram_kutty@hotmail.com,vikramkutty1402,FTvfZQ3n,FTvfZQ3n,Widowed,other,No,798250714611,,,,No
TC058,Sandhya Kumar,+91 8867362266,sandhya_kumar@rediffmail.com,sandhya_kumar,focRnvF%wu,focRnvF%wu,Single,female,No,,Mizoram,,IIT Madras,No
TC059,Mohammed Mohan,+91 7528669296,mohammedmohan402@hotmail.com,mohammedmohan402,6wMkrOpENo,6wMkrOpENo,Widowed,female,No,828274225790,,,,Yes
TC060,Sajith Patel,+91 7797881914,sajith_patel@rediffmail.com,sajith_patel,dCLeJC&K,dCLeJC&K,prefer_not_to_say,other,Yes,783613407451,,,,
TC061,Neha Singh,+91 6422325367,neha.singh@gmail.com,nehasingh8730,&vPLLI$mr0,&vPLLI$mr0,Married,other,No,,,,Mar Athanasius College of Engineering,
TC062,Anita Chandran,+91 6632424154,anita.chandran331@outlook.com,anita.chandran331,q!Rgfm6cpu46,q!Rgfm6cpu46,Single,other,Yes,,,,Jawaharlal Nehru University,
TC063,Anita Prasad,+91 8326973112,anita.prasad235@rediffmail.com,anita.prasad235,nnOVMrWrsi^bv4,nnOVMrWrsi^bv4,Single,prefer_not_to_say,No,,Andhra Pradesh,,,
TC064,Swathi Das,+91 9109104300,swathi.das654@hotmail.com,swathi.das654,UOqX1U*w,UOqX1U*w,Widowed,other,No,,Jammu and Kashmir,Secondary School (10th),,No
TC065,Rajesh Menon,+91 8252410564,rajesh.menon445@gmail.com,rajesh.menon445,hNwpbrbu@S%%,hNwpbrbu@S%%,prefer_not_to_say,male,No,,,,,Yes
TC066,Vikram Patel,+91 7380617445,vikram_patel154@yahoo.com,vikrampatel589,1CPF1OIjVp#g,1CPF1OIjVp#g,Single,prefer_not_to_say,Yes,,Uttarakhand,Higher Secondary (12th),,Yes
TC067,Rizwan Sen,+91 9571918261,rizwan.sen@gmail.com,rizwansen6174,NnA^E1!hsJlfD%,NnA^E1!hsJlfD%,prefer_not_to_say,male,No,,,Secondary School (10th),,Yes
TC068,Priya Joshi,+91 8680442067,priya.joshi@yahoo.com,priya.joshi,HpluMfBPslF,HpluMfBPslF,prefer_not_to_say,female,Yes,,,Primary School,,Yes
TC069,Suresh Menon,+91 6999347687,suresh_menon947@hotmail.com,suresh_menon947,Y@dW2wTBxJJ5t,Y@dW2wTBxJJ5t,Single,male,No,,Telangana,,,No
TC070,Shruti Gupta,+91 9522395590,shruti.gupta@outlook.com,shruti.gupta,^TDumFEI&hC,^TDumFEI&hC,Divorced,female,Yes,784270103930,,Master's Degree,St. Xavier's College,
TC071,Anil Roy,+91 8289539264,anil_roy152@hotmail.com,anilroy2330,o^UjVYmRMPru3!,o^UjVYmRMPru3!,Divorced,female,Yes,,,,,
TC072,Nithin Nair,+91 7552157043,nithinnair@rediffmail.com,nithinnair9307,xOCn@sQj,xOCn@sQj,Married,male,No,,,,,
TC073,Vijay Kutty,+91 6040541152,vijay.kutty@gmail.com,vijay.kutty,1v0@WS*Wm9Cu5,1v0@WS*Wm9Cu5,Widowed,female,Yes,,,,,
TC074,Reshma Sen,+91 7106987205,reshma.sen629@rediffmail.com,reshmasen7076,v3ugmQAy0*HKM,v3ugmQAy0*HKM,Single,prefer_not_to_say,Yes,,,,,
TC075,Kiran Chandran,+91 9741862565,kiranchandran@rediffmail.com,kiranchandran,AvLk8oNY,AvLk8oNY,Married,prefer_not_to_say,Yes,,,,,
TC076,Vijay Rao,+91 8160898992,vijay_rao858@outlook.com,vijayrao2486,mkS*0DhX%1&8E8,mkS*0DhX%1&8E8,Single,prefer_not_to_say,Yes,,,,,
TC077,Deepak Sharma,+91 9099861622,deepak.sharma434@gmail.com,deepaksharma7143,sHOilXYPJ,sHOilXYPJ,prefer_not_to_say,male,Yes,,,,,
TC078,Asha Warrier,+91 9530745054,asha.warrier@hotmail.com,ashawarrier6742,X!8ewJZsZe,X!8ewJZsZe,Divorced,other,No,,,,,
TC079,Rizwan Raj,+91 7148628902,rizwan.raj@yahoo.com,rizwan.raj,4PI1ly4B0!%Vh,4PI1ly4B0!%Vh,Married,female,Yes,,,,,
TC080,Rajesh Menon,+91 9985524140,rajesh_menon370@techxers.com,rajesh_menon370,7#YpdEV!5w,7#YpdEV!5w,Widowed,male,Yes,,,,,
TC081,Asha Warrier,+91 7494466574,asha.warrier@techxers.com,asha.warrier,I0$cb8qwb,I0$cb8qwb,Married,prefer_not_to_say,No,,,,,
TC082,Sajith Shah,+91 7830965207,sajithshah105@gmail.com,sajithshah6141,KMn9iRJPJHMy,KMn9iRJPJHMy,Divorced,other,No,,,,,
TC083,Meera Das,+91 7513534655,meeradas726@hotmail.com,meeradas5632,C&8T#MvxLm8qH,C&8T#MvxLm8qH,Divorced,other,No,,,,,
TC084,Suresh Patel,+91 8697252175,suresh.patel@hotmail.com,sureshpatel1176,y#pW^M0gtrz,y#pW^M0gtrz,Married,other,Yes,,,,,
TC085,Anandhu Rao,+91 7505830033,anandhu_rao793@yahoo.com,anandhurao2605,lq32Z29Xae&,lq32Z29Xae&,Divorced,other,Yes,,,,,
TC086,Vishnu Das,+91 8753260332,vishnudas@yahoo.com,vishnudas,ML6%^R3r,ML6%^R3r,Married,male,Yes,,,,,
TC087,Suresh Krishnan,+91 9230461849,sureshkrishnan@gmail.com,sureshkrishnan,G&ggncgo14WpG,G&ggncgo14WpG,prefer_not_to_say,female,No,,,,,
TC088,Vishnu Shah,+91 8208737530,vishnushah@outlook.com,vishnushah,@zzH%zT0,@zzH%zT0,Single,male,Yes,,,,,
TC089,Asha Raj,+91 8611002255,asha_raj93@hotmail.com,asha_raj93,mGD6LH7gmwfLU,mGD6LH7gmwfLU,Widowed,other,Yes,,,,,
TC090,Sneha Chandran,+91 8902771670,sneha_chandran411@rediffmail.com,snehachandran4463,X91voqhun194xW,X91voqhun194xW,Single,other,No,,,,,
TC091,Anandhu Prasad,+91 7890028772,anandhuprasad@techxers.com,anandhuprasad9267,R%%m3F9SX,R%%m3F9SX,Single,prefer_not_to_say,No,,,,,
TC092,Rajesh Mohan,+91 9088019948,rajesh_mohan229@hotmail.com,rajeshmohan6617,Ek645l@5Op@cnZ,Ek645l@5Op@cnZ,prefer_not_to_say,female,No,,,,,
TC093,Anjali Krishnan,+91 7726149331,anjali.krishnan@rediffmail.com,anjali.krishnan,8U5omCaRTL%Vnf,8U5omCaRTL%Vnf,Widowed,female,No,,,,,
TC094,Naveen Prasad,+91 9978292216,naveen_prasad425@gmail.com,naveenprasad9657,56#r@a^g,56#r@a^g,prefer_not_to_say,other,No,,,,,
TC095,Lakshmi Pillai,+91 7945228851,lakshmipillai@outlook.com,lakshmipillai,L5rr0$MOBz,L5rr0$MOBz,Divorced,prefer_not_to_say,No,,,,,
TC096,,+91 8420438057,sajithnambiar868@rediffmail.com,sajithnambiar8574,dWsghzIu,dWsghzIu,Single,female,No,384066658004,Himachal Pradesh,other,Symbiosis International University,No
TC097,Vidya Bose,,vidya_bose478@techxers.com,vidyabose664,PgM!TjO^C,PgM!TjO^C,Divorced,female,Yes,555439878015,Rajasthan,Higher Secondary (12th),Amrita Vishwa Vidyapeetham,Yes
TC098,Devika Thomas,+91 7481934667,,devikathomas3502,2nA&3jtd6Qeljg,2nA&3jtd6Qeljg,Widowed,prefer_not_to_say,No,61809190158,Chhattisgarh,Diploma,Cochin University of Science and Technology,No
TC099,Anandhu Varghese,+91 9814141397,anandhuvarghese561@gmail.com,,SB0$suxCGyoxg,SB0$suxCGyoxg,Divorced,other,Yes,,,,,
TC100,Shruti Pillai,+91 9256394278,shruti_pillai@yahoo.com,shrutipillai3228,,,prefer_not_to_say,male,No,,Tamil Nadu,,Amrita Vishwa Vidyapeetham,Yes
TC101,Vidya Thomas,+91 7723184322,vidyathomas670@rediffmail.com,vidyathomas670,j%GWC%ZTS!9a#,,Married,other,Yes,,,Diploma,,
TC102,Shruti Singh,+91 7886291279,shrutisingh@yahoo.com,shrutisingh8379,vR6iDWXqnc,vR6iDWXqnc,,male,Yes,172980686508,Punjab,Higher Secondary (12th),Cochin University of Science and Technology,No
TC103,Pooja Babu,+91 9368872588,pooja.babu@outlook.com,pooja.babu,t2GH&2UJ,t2GH&2UJ,Widowed,,No,,,,,
TC104,Rahul Warrier,+91 8656693801,rahul.warrier@rediffmail.com,rahul.warrier,%Kye$%DveUEaul,JCy6ZaHw0#,Single,other,No,,,,Christ University,
TC105,Karthik Das,+91 7343333952,karthikdas@outlook.com,karthikdas,8OTBIxy@z,@a*f9VO@J!x$J,Single,male,Yes,639208678085,Odisha,Secondary School (10th),Loyola College,Yes
TC106,Swathi Joshi,+91 7270267288,swathi.joshi771@outlook.com,swathi.joshi771,J5xqDmIE3Wz,gYmuhBG8m5,Divorced,prefer_not_to_say,No,,,ITI,,
TC107,,+91 7261117800,,priyababu4454,U%50vxcqEGk,U%50vxcqEGk,Widowed,male,Yes,,Sikkim,,,
TC108,Ramesh Krishnan,,ramesh_krishnan311@gmail.com,,rSK8&b!9Mb3LDa,rSK8&b!9Mb3LDa,Married,other,Yes,638944846312,Delhi,Diploma,Govt. Model School,No
TC109,Ravi Nair,+91 9234601367,ravi_nair431@outlook.com,ravinair8175,7eQkshIYj*,7eQkshIYj*,,,Yes,,,,,
TC110,Ravi Krishnan,+91 9524077848,ravi.krishnan512@gmail.com,ravikrishnan5554,,,Widowed,female,Yes,708620959351,,,IIT Madras,
TC111,Fathima Mohan,+91 9899405391,,fathima.mohan675,wezn!ymeX,wezn!ymeX,Single,,No,,,,,
TC112,,,,,,,,,,612286852897,Meghalaya,,,No
TC113,,,,,,,,,,,,,,
TC114,,,,,,,,,,,Sikkim,,,
TC115,Ramesh Pillai,+91 7906048058,rameshpillai940@yahoo.com,rameshpillai5329,9w!mMeWkhQS31p,9w!mMeWkhQS31p,,female,No,,,,,
TC116,Akhil Shah,+91 8979270335,akhil.shah273@rediffmail.com,akhil.shah273,lo02USyPSdNv,lo02USyPSdNv,Married,,Yes,388487920698,,,,
TC117,Fathima Nair,+91 9800384576,fathima.nair278@techxers.com,fathimanair5911,ncLXDW$mO!&lxz,ncLXDW$mO!&lxz,,male,No,,,,"National Institute of Technology, Calicut",
TC118,Rizwan Prasad,+91 9423122099,rizwanprasad@rediffmail.com,rizwanprasad2388,uOi&pxOsdO00M,uOi&pxOsdO00M,Divorced,,Yes,,,,,
TC119,Akhil Chandran,+91 6868034764,akhil_chandran@rediffmail.com,akhilchandran9380,&^e%n56fF%&Y,&^e%n56fF%&Y,,prefer_not_to_say,Yes,,,,,
TC120,Neha Reddy,+91 7309407778,neha_reddy@gmail.com,nehareddy5501,tuswg1NN5Kxp,tuswg1NN5Kxp,Single,,Yes,,,,,
TC121,Rizwan Prasad,+91 9214586833,rizwanprasad@hotmail.com,rizwanprasad,UelMPVWi2iL,UelMPVWi2iL,,male,Yes,,,,,
TC122,Ajay Nair,+91 8577027278,ajaynair289@outlook.com,ajaynair5052,#PaoQRYdwy,#PaoQRYdwy,Divorced,,No,84958803955,Bihar,Secondary School (10th),Anna University,Yes